	Conclusion	Stance	Premise	Achievement	Benevolence	Conformity	Hedonism	Power	Security	Self-direction	Stimulation	Tradition	Universalism	Score
2824	The federal features of the European Treaties need to be strengthened.	in favor of	There is a lack of security and defense policy that can realistically be achieved by strengthening the Euro body as the 28th European army. 	0	0	0	0	1	1	0	0	0	0	3.3383413461538463
525	We should abolish capital punishment	against	it is the most effective deterrent to the worst crimes it is a waste of hard working people's money to pay for someone that committed atrocious crimes, to stay in a prison for the rest of their lives	0	0	1	0	1	1	0	0	0	1	3.0610977564102564
2453	Companies should fight moonlighting	against	As per a study published by the Academy of Management Journal in 2021, moonlighting can provide a sense of control and motivation, which can improve the productivity of employees.	1	0	0	0	1	0	1	0	0	0	3.2223557692307696
335	We should ban algorithmic trading	against	algorithmic trading allows for more timely, accurate, and efficient trading.	0	0	0	0	1	0	0	0	0	0	4.819711538461538
2967	The EU should recognize Taiwan as an independent sovereign state	in favor of	China is acting against European values and violating intellectual property rights.	0	0	1	0	0	0	0	0	1	0	3.068509615384616
3949	We should make living wages a human right	in favor of	Many people, even in the richest European countries, work hard, work overtime or have several jobs & cannot sustain themselves. That's humiliating, time-consuming alien to physical & mental health, and poisoning society.  	0	0	0	0	1	1	0	0	0	0	3.3383413461538463
2665	We need a common migration and asylum policy, based on respect for rights and equal treatment	in favor of	In the EU labor market we will need more workers from outside Europe to continue the level of economic activities we are planning. 	1	0	0	0	1	1	0	0	0	0	3.2107371794871793
1221	We should abolish zoos	against	we should not abolish zoos because it makes it so people can see animals that they may not otherwise be able to see due to their location.	0	0	0	1	0	0	0	1	0	0	3.560697115384616
2615	Cohesion funds should be provided directly to cities and regions	in favor of	An increased percentage of funds dedicated to cities and regions that are controlled and distributed from the EU institutions directly to the local administrations can bypass the national systems which enable the political dependency in the first place.	0	0	1	0	1	0	1	0	0	0	3.522435897435898
2047	We should legalize cannabis	in favor of	legalizing recreational marijuana will add billions to the economy, create hundreds of thousands of jobs, and save limited police resources	0	0	0	0	1	1	0	0	0	0	3.3383413461538463
294	We should subsidize journalism	against	it could become partial to whoever pays	0	0	1	0	1	0	1	0	0	0	3.522435897435898
2756	There should be no illegal migration	in favor of	We must stop all loopholes - for example automatically rejecting asylum claims of anyone who enters Europe illegally.	0	0	1	0	1	0	0	0	0	1	3.462473290598291
3810	We should link Aadhaar card with the Voter ID	against	If legitimate voters do not have an aadhaar or if they could not link it due to any reason, they will be removed from the list. For example, some homeless people do not have aadhaar cards yet. In the 2018 Telangana Assembly elections, linking aadhaar cards with Voter ID led to the elimination of 20 lakh voters.	0	0	0	0	1	0	0	0	0	1	3.2658253205128203
903	We should subsidize space exploration	against	space exploration should be privatized and maybe we'd get somewhere.	1	0	0	0	1	0	1	0	0	0	3.2223557692307696
809	We should abolish the three-strikes laws	in favor of	three strikes is too many and dangerous criminals will be on the loose again too quickly.	0	0	1	0	1	1	0	0	0	1	3.0610977564102564
538	We should adopt gender-neutral language	against	adopting gender neutral language would be expensive and a waste of resources which could be better used elsewhere	1	1	0	0	1	0	0	0	0	0	3.1414262820512824
3150	There should be a small council of people from all over the world, and identify the problems of every country and solve them.	against	Europe should represent its own interests.	0	0	0	0	1	0	1	0	0	0	3.355769230769231
2997	We do not need immigration from non-European or non-first-world countries. 	in favor of	There's nothing wrong with not wanting your continent to become chaos and putting your people first, every civilization in this world takes that idea as self-evident. We need to negotiate Remigration deals with the 3rd countries to send their nationals back and we need to use Frontex to push back any migrants coming to our borders.	0	1	1	0	1	1	0	0	0	0	3.0453725961538463
3199	We should subsidize vocational education	in favor of	subsidizing vocational education would prepare people for careers and jobs.	1	0	0	0	1	0	1	1	0	0	3.250300480769231
854	We should abolish zoos	against	zoos can aid conservation by raising awareness of animals that are facing extinction and raising funds to support them in the wild.	0	0	0	0	1	0	0	0	0	1	3.2658253205128203
4081	We should limit population growth in overcrowded regions	against	Limiting freedom of movement does not seem like a good idea to me. I think what you are experiencing is bad local management, with urban planning laws fast growth and traffic issues can be fixed and avoided altogether.	1	0	0	0	1	0	1	1	0	0	3.250300480769231
128	We should end the use of economic sanctions	against	economic sanctions can be very effective in bringing about social change	0	1	0	0	1	0	0	0	0	0	3.234375
4240	Carbon emissions trading should be limited.	against	Setting tough standards on carbon emissions can suppress industrial upgrading in developing countries and prevent them from challenging the monopoly advantage of EU countries in high-end industries.	1	0	0	0	1	0	0	0	0	0	3.8876201923076925
774	We should introduce compulsory voting	against	people should be allowed to not vote as a way to protest the government	1	0	0	0	1	0	1	0	0	0	3.2223557692307696
2253	We should end the use of economic sanctions	against	economic sanctions provide a necessary alternative to military action when dealing with foreign countries who maybe abusing their power.	0	0	1	0	1	1	0	0	0	1	3.0610977564102564
1252	We should legalize cannabis	in favor of	cannabis legalization is a lucrative revenue source	1	0	0	0	1	0	0	0	0	0	3.8876201923076925
3825	Cattle slaughter should be banned	against	It is not ethical to interfere with the food habits of others.	0	0	1	1	0	0	1	0	0	0	3.1782852564102573
3785	Referendums are good for the society	in favor of	Referendums can educate citizens politically.	1	0	0	0	1	0	0	0	0	1	3.1623931623931623
4131	We should promote European values and secure a Global Transition to CO2 Neutrality	against	I oppose tying investment to ideological convictions. Generally, there has been way too much ideology in European matters, and conflicts that derive from a conflict of worldviews within Europe have already contributed greatly to the current crisis of the EU this conference hopes to address. Specifically, when it comes to trade, all that should matter are our financial, economic, and strategic interests. Let us leave ideology to that very expensive talking shop: the European Parliament. 	0	0	0	0	1	0	0	0	0	1	3.2658253205128203
1857	We should subsidize space exploration	in favor of	space mining could help us find valuable minerals that are useful	0	0	0	0	1	0	0	0	0	0	4.819711538461538
4198	We should prohibit capital monopoly.	in favor of	Capital monopoly hinders the efficient allocation of resources and causes waste of resources.	1	0	0	0	1	1	0	0	0	0	3.2107371794871793
1811	We should end the use of economic sanctions	against	economic sanctions are a good way to get things to happen in a target area	1	1	1	0	1	1	0	0	0	0	3.027403846153846
847	We should adopt a multi-party system	in favor of	in a multi party system the general population have more of a choice in who their leaders are	0	0	0	0	1	0	1	0	0	0	3.355769230769231
3134	There should be a reform of EU trade and investment policy and a relaunch of global multilateralism.	in favor of	Both, a reform of EU trade and investment policy and a relaunch of global multilateralism are overdue.	0	0	1	0	1	0	1	0	0	1	3.069811698717949
2960	The EU needs tougher border protection	against	Building walls is a sign of fear and weakness.	1	0	1	0	0	0	0	0	0	0	3.405649038461539
3302	Entrapment should be legalized	in favor of	sometimes entrapment is the only way to ensure that criminals are captured and charged, therefore we should legalise it.	1	0	1	0	1	1	0	0	0	1	3.0399839743589743
3158	The EU should integrate the armed forces of its member states	in favor of	I agree with your idea. But it is a long and arduous way to reach the goal. What's the point of building a skyscraper without a foundation? What I mean by that: First the EU needs a unified foreign policy and only then a common and united army.	0	0	0	0	1	1	0	0	0	0	3.3383413461538463
1366	We should adopt a multi-party system	against	a multi-party system could add more complexity and create situations where issues become impossible to resolve.	0	0	0	0	1	1	0	0	0	0	3.3383413461538463
194	We should ban algorithmic trading	against	algorithmic trading is cost effective because it is timely and accurate.	1	1	0	0	1	0	0	0	0	0	3.1414262820512824
3776	We should promote Zero Budget Natural Farming all over India	in favor of	With ZBNF, the government does not have to spend crores of rupees on loan waiver schemes.	0	0	0	0	1	1	0	0	0	0	3.3383413461538463
0	We should end the use of economic sanctions	against	sometimes economic sanctions are the only thing that will get the corrupt governments to take action	0	0	0	0	1	1	0	0	0	0	3.3383413461538463
1819	We should subsidize space exploration	against	we shouldn't subsidize space exploration because it can be very costly	0	0	0	0	1	1	0	0	0	0	3.3383413461538463
3457	Payday loans should be banned	against	Instead of banning payday loans, we should require them to assess the ability of individuals to repay, which would avoid the overarching problem of these loans creating cycles of debt.	1	1	1	0	1	1	0	0	0	0	3.027403846153846
2507	Triple Talaq should be abolished	against	It is part of their faith and personal laws can’t be challenged. Article 25 (i) of Indian constitution provides freedom of religion.	0	0	1	0	0	0	0	0	1	0	3.068509615384616
3471	We should subsidize vocational education	against	Subsidizing vocational education will lead to it becoming as esoteric and non-productive as liberal arts education.	1	0	0	0	1	0	0	1	0	0	3.703125
3750	Blockade of the Gaza Strip should be ended	in favor of	the blockade makes it harder for the people in that area to make money, and their economy is on the verge of collapse according to world bank.	0	0	0	0	1	1	0	0	0	0	3.3383413461538463
795	We should subsidize journalism	against	the subsidies could be used on other primary production methods which are very much likely to help boost the economy	1	1	0	0	1	0	0	0	0	0	3.1414262820512824
1003	We should introduce compulsory voting	in favor of	voting is what drives our country and not voting means that the most preferred people do not get elected.	0	0	1	0	1	1	0	0	0	0	3.510817307692308
1262	We should ban algorithmic trading	against	the digitization of the sector raises the field of action of information. as computer models and algorithmic programs	1	0	0	0	1	0	0	0	0	0	3.8876201923076925
1034	We should ban algorithmic trading	in favor of	this form of trading removes the human element which can have dangerous consequences.	1	1	0	0	1	0	0	0	0	0	3.1414262820512824
2823	The federal features of the European Treaties need to be strengthened.	in favor of	We must move towards full co-decision power for the European Parliament and the abolition of unanimity for climate, energy, social affairs, and taxation policies.	0	0	0	0	1	0	0	0	0	1	3.2658253205128203
4160	We should ban the trading of virtual currencies.	in favor of	Virtual currency-related business activities are illegal financial activities, and the provision of services by overseas virtual currency exchanges to Chinese residents through the Internet is also illegal financial activities.	0	0	1	0	0	0	0	0	0	0	3.855769230769232
1032	We should ban whaling	against	whaling is quite a profitable profession.	1	0	0	0	1	0	0	0	0	0	3.8876201923076925
420	We should subsidize student loans	in favor of	we should subsidize student loans to ensure all who seek a good education can obtain one. this sets up success for life which also saves the government money when people are self sufficient	1	0	0	0	1	1	0	0	0	0	3.2107371794871793
1758	We should end the use of economic sanctions	against	there are usually totally just reasons for imposing sanctions.  those reasons could be political or even sometimes military based, but are usually done for the greater good of all.	0	0	0	0	1	0	0	0	0	1	3.2658253205128203
1445	We should adopt a multi-party system	in favor of	the multi-party system offers voters more choices that may get more people involved in politics	1	0	0	0	1	0	1	0	0	0	3.2223557692307696
373	We should fight for the abolition of nuclear weapons	against	nuclear weapons provide us security in times of war.	0	0	0	0	1	1	0	0	0	0	3.3383413461538463
4164	We should ban the trading of virtual currencies.	against	The organizational structure brought about by the blockchain distributed technology replaces what a beautiful society this is. There is no corruption and it discards all the disadvantages of centralization.	1	0	0	0	1	1	0	0	0	0	3.2107371794871793
236	We should subsidize embryonic stem cell research	against	i don't think tax dollars should be going towards researching embryonic stem cells.   there is much better usage for our money than that.   we do not need to subsidize this.	0	0	0	0	1	1	0	0	0	0	3.3383413461538463
1544	We should subsidize space exploration	against	space exploration is too costly and there aren't enough tangible benefits to justify subsidization	0	0	0	0	1	0	0	0	0	1	3.2658253205128203
1919	We should ban algorithmic trading	against	there is no reason why algorithmic trading should be banned , it creates beneficial trading deals and profits for those in the finance sector, and can enhance the value of pension funds for instance.	1	0	0	0	1	0	0	0	0	0	3.8876201923076925
1433	We should ban algorithmic trading	in favor of	Algorithmic trading will put many stock brokers and analysts out of business.	1	0	0	0	1	1	0	0	0	0	3.2107371794871793
837	We should subsidize journalism	in favor of	journalism must be supported by the central government	0	0	0	0	1	1	0	0	0	0	3.3383413461538463
2331	We should oppose collectivism	in favor of	collectivism does not allow for individual enterprise and it stifles entrepreneurism.	1	0	0	0	1	0	1	0	0	0	3.2223557692307696
225	We should ban whaling	against	whaling is part of a great number of cultures	0	0	1	0	0	0	0	0	1	0	3.068509615384616
436	We should introduce compulsory voting	in favor of	elections are supposed to be won by the opinion of the people.  if only a select few people vote, then the result only reflects their opinions, not that of the whole population.	0	0	1	0	1	0	0	0	0	1	3.462473290598291
834	We should ban algorithmic trading	against	Algorithmic trading is more likely to be traceable, making illegal data inputs such as insider information more difficult to use.	0	1	1	0	1	0	0	0	0	1	3.0091145833333335
3320	We should subsidize vocational education	against	if subsidies were put into place for vocational education then other areas of education would also want subsidies and this would cost the government far too much to implement.	1	1	1	0	1	1	0	0	0	0	3.027403846153846
2141	We should ban algorithmic trading	against	it tends to more profitable and eliminates human error	1	0	0	0	1	0	0	0	0	1	3.1623931623931623
1509	We should subsidize space exploration	against	we should not subsidize space exploration since that is a waste of money.	0	0	1	0	1	1	0	0	0	0	3.510817307692308
555	We should ban targeted killing	in favor of	the goal should always be to capture alive so banning targeted killing will encourage capture instead of kill.	1	0	1	0	1	1	0	0	0	1	3.0399839743589743
4204	We should prohibit capital monopoly.	against	Monopoly profits are the driving force behind technological progress in areas that require significant investment in research and development.	1	0	0	0	1	0	0	0	0	0	3.8876201923076925
230	We should ban whaling	in favor of	we should ban whaling because there is very little profit in the business and does nothing but kill fairly rare animals.	0	0	1	0	1	0	0	0	0	1	3.462473290598291
200	We should end the use of economic sanctions	against	economic sanctions work as intended and getting rid of them would make it more difficult to punish offending countries.	0	0	1	0	1	1	0	0	0	1	3.0610977564102564
4119	We should not have illegal immigrants!	in favor of	We can only employ people in understaffed job fields.	0	0	0	0	1	1	0	0	0	0	3.3383413461538463
4121	We should strengthen Frontex and control immigration.	in favor of	 Mass migration is a crime against humanity and has to stop!	0	0	1	0	1	1	0	0	0	1	3.0610977564102564
309	We should ban algorithmic trading	against	algirithmic trading reduces the possibilty of error and just furthers profit for finance companies	1	0	0	0	1	0	0	0	0	0	3.8876201923076925
2914	The current differing legal cultures of the Member States need to be developed into a common legal culture in Europe	against	Legal traditions are different for a reason. They are the result of centuries of organic legal evolution. They cannot be overwritten with a stroke of a pen. 	0	0	1	0	0	0	0	0	1	0	3.068509615384616
1537	We should abolish the right to keep and bear arms	against	people have a right to protect themselves with weapons, especially nowadays	0	0	1	0	1	1	1	0	0	0	3.1060697115384617
1954	We should legalize cannabis	in favor of	Legalizing cannabis would allow the authorities to control the quality and strength of the product making it safer to use and could also collect tax from the sale.	1	0	0	0	1	1	0	0	0	0	3.2107371794871793
909	We should ban algorithmic trading	against	algorithmic trading is an easy way to keep money moving and to make a profit so there is no reason to ban it.	1	0	0	0	1	0	0	0	0	0	3.8876201923076925
4196	We should open up three-child policy to encourage childbirth.	in favor of	China's population structure has gradually become aging and has become a burden for economic growth.	1	0	0	0	1	1	0	0	0	0	3.2107371794871793
1746	We should abolish the three-strikes laws	against	three-strikes laws can act as a deterrent for serial criminal behavior.	0	1	1	0	1	1	0	0	0	0	3.0453725961538463
66	We should abolish the three-strikes laws	against	we need the three strikes as a deterrent	0	0	1	0	1	1	0	0	0	0	3.510817307692308
435	We should subsidize journalism	in favor of	we should, if it's subsidised it could mean better journalism	1	0	0	0	1	0	0	0	0	1	3.1623931623931623
4166	We should ban the trading of virtual currencies.	against	The total production is controllable and the virtual currency prevents hyperinflation.	0	0	0	0	1	1	0	0	0	0	3.3383413461538463
4143	We should abolish the 996 overtime system	in favor of	China's 996 overtime system is very inefficient in enhancing your ability to make money. If you rely on 996 to make money, you are essentially making money by working hard, selling your body.	1	0	0	0	1	1	0	0	0	0	3.2107371794871793
1303	We should subsidize student loans	in favor of	the new generations need the opportunity to advance in their preparation, that is why if they do not have the means and the state does not provide free education then it should promote means such as loans.	1	0	0	0	1	1	0	1	0	0	3.2415865384615383
4051	We should increase the role of national parliaments in EU decision-making	in favor of	The European Parliament is in dire need of reform. It has become a circus, where the MEPs engage in wild ideological posturing without substance. The EP's function is to address the pressing needs of EU citizens, but it hasn't done that for ages. One possible solution could be to replace it with a legislative body that is made up of delegates from member state parliaments.	1	1	1	0	1	0	0	0	0	0	3.3200120192307696
2464	We should stop using cash	against	Technical issues in banking can halt access to our money. This can interfere with our daily lives.	0	0	0	1	1	1	1	1	0	0	3.137980769230769
3039	The European Parliament should have more powers, so Europe can stand against other world powers.	against	The European Parliament has developed avenues for a common foreign and defense policy and should exercise its role this way. Also, there are prerogatives of a parliament to guide and control the external policies of the EU.	0	1	1	0	1	0	0	0	0	0	3.4415064102564106
25	We should subsidize journalism	in favor of	journalism and free expression of information and exchange of ideas is a basic human right, and subsidizing this would improve its quality and reach.	1	0	0	0	1	0	0	0	0	0	3.8876201923076925
202	We should ban factory farming	against	factory farming reduces the cost of food	0	0	0	0	1	1	0	0	0	0	3.3383413461538463
1285	We should ban factory farming	against	factory farming provides a faster mass production of food and gives us a way to feed more people than we would if we banned it. there will be less hunger in the world so we shouldn't ban it.	1	0	0	0	1	1	0	0	0	0	3.2107371794871793
623	We should end the use of economic sanctions	in favor of	economic sanctions cause a weight on country governments that have violated human rights, dangerous acts, et al and the only thing that governments can relate to are monetary hardships.	0	0	1	0	1	1	0	0	0	1	3.0610977564102564
3346	Blockade of the Gaza Strip should be ended	against	the blockade should not be ended because the people of israel have every right to determine what goods, service, and people enter the territory.	0	0	1	0	1	0	1	0	1	0	3.2121394230769234
4159	We should ban the trading of virtual currencies.	in favor of	Digital currency not only cannot create foreign exchange, but also causes foreign exchange outflow	0	0	0	0	1	1	0	0	0	0	3.3383413461538463
678	We should fight for the abolition of nuclear weapons	against	Without the guaranteed peace caused by nuclear weapons, countries are more likely to turn to violence and squabbling.	0	0	1	0	1	1	0	0	0	1	3.0610977564102564
4080	We should legalize non-violent drug use	in favor of	I fully agree that the recreational drugs that cause the least harm should be legalized. It is an illusion that the smuggling of such drugs can be controlled. Billions of euros have been spent trying to combat smuggling but have not reduced the supply of such drugs. Legalization of the least harmful drugs will allow the quality of the drugs to be controlled (hence reducing harm); reduce exposure to more harmful drugs (because dealers currently introduce users of soft drugs to harder drugs), and cut out a significant source of drug dealer revenues.	0	0	1	0	1	1	0	0	0	1	3.0610977564102564
1915	We should subsidize space exploration	against	space exploration is a bottomless money pit that completely fails to justify the enornomous quantity of revenue pumped into it.	0	0	0	0	1	1	0	0	0	0	3.3383413461538463
1231	We should ban algorithmic trading	in favor of	algorithmic trading is unfair to the market	0	0	0	0	1	0	0	0	0	1	3.2658253205128203
3122	Serbia should join the EU.	in favor of	The EU should continue its enlargement to the Western Balkans to further its own interests, and to bring stability and prosperity to the region. Serbia should have joined long ago. 	0	0	0	0	1	1	0	0	0	0	3.3383413461538463
2252	We should ban factory farming	against	Factory farming allows for food to be produced at a lower cost than would be possible using other methods.	1	0	0	0	1	1	0	0	0	0	3.2107371794871793
1141	We should legalize organ trade	in favor of	if someone is willing to sell an organ that should be their right	0	0	0	0	1	0	1	0	0	0	3.355769230769231
2968	We do not want immigration from non-European or non-first-world countries 	in favor of	No more non-European immigration. The native Europeans have said NO.	0	0	0	0	1	0	1	0	0	0	3.355769230769231
4169	We should ban the trading of virtual currencies.	against	Every transaction of virtual currency generated in the blockchain technology Internet cannot be forged, and it will not be manipulated by individuals, so it has a good anti-counterfeiting feature.	0	0	0	0	1	0	0	0	0	1	3.2658253205128203
2452	Companies should fight moonlighting	against	Some people moonlight to pursue their passion when the earnings from their passion cannot replace the salary from their main job. Several entrepreneurs take this route and leave their jobs once they earn enough from their new ventures.	1	0	0	0	1	0	1	0	0	0	3.2223557692307696
2373	We should strengthen laws to fight against terrorism	in favor of	Till now, only organizations were designated as terrorist organizations, but not individuals. The loophole in this is the individuals of the banned organizations are forming new organizations and carrying out terror activities. This amendment bill for the Unlawful Activities (Prevention) Act allows the government to designate individuals as terrorists, thereby terror attacks can be prevented.	1	0	0	0	1	1	0	0	0	0	3.2107371794871793
1096	We should introduce compulsory voting	in favor of	voter turnout these days are dropping steadily so we need to make everyone vote to show the true representation of the people	0	1	1	0	1	0	0	0	0	1	3.0091145833333335
2508	We can rely on Cryptocurrencies like Bitcoins	against	If value of standard currency falls, we can still afford to live in our country, because the fall of currency value impacts all fields. For example, if the prices of groceries rise, so does our salaries. But if the value of cryptocurrencies like bitcoin falls, we will loose our hard earned money.	0	0	0	0	1	1	0	0	0	0	3.3383413461538463
284	We should abolish capital punishment	against	If capital punishment is unfairly applied we should focus on fixing that, not abolishing it entirely.	1	0	0	0	1	0	0	0	0	1	3.1623931623931623
1398	We should introduce compulsory voting	in favor of	compulsory voting will represent all of the people not only those who already vote	0	0	0	0	1	0	0	0	0	1	3.2658253205128203
4096	We should protect the European border	in favor of	Only together and with  Frontex we ensure the management of EU borders. Migrants from Africa and Asia will arrive in increasing numbers in the coming years.	0	0	0	0	1	1	0	0	0	0	3.3383413461538463
2777	We need a better distribution of refugees	against	The key to successful immigration depends upon the possibility of employment.  So EU members are to decide whom they want to admit.  	0	0	0	0	1	0	1	0	0	0	3.355769230769231
2322	We should end the use of economic sanctions	against	economic sanctions are useful to stop bad actions.	1	0	1	0	1	1	0	0	0	0	3.3719951923076925
820	We should limit judicial activism	in favor of	we should limit judicial activism so that we do not depart from the constitution.	0	0	1	0	0	0	0	0	1	0	3.068509615384616
1353	We should subsidize student loans	in favor of	student loan debt is an enormous pressure on working people, and should be subsidized.	1	0	0	0	1	1	0	0	0	0	3.2107371794871793
1401	We should adopt a multi-party system	in favor of	a key advantage of a multi-party system is that voters have a choice of which political party they can choose to elect.	0	0	0	0	1	0	1	0	0	0	3.355769230769231
199	We should fight for the abolition of nuclear weapons	against	nuclear weapons help keep peace. it's an assurance policy. everyone knows that everyone loses if nuclear war breaks out. this keeps countries in line so as not to provoke a nuclear attack.	0	0	1	0	1	1	0	0	0	1	3.0610977564102564
726	We should abolish zoos	against	we shouldn't abolish zoos because they attract visitors and money to be able to put back into the zoo for animal feed and vet bills	1	0	0	0	1	0	0	0	0	1	3.1623931623931623
1551	We should oppose collectivism	against	collectivism gives one voice a louder voice by having others available for support	0	0	0	0	1	1	0	0	0	0	3.3383413461538463
110	We should legalize cannabis	in favor of	as a non-addictive natural substance that is less harmful than currently legal ones such as tobacco and alcohol, it seems that cannabis is still illegal simply due to old prejudices.	0	0	0	1	0	0	1	1	0	0	3.004407051282051
1460	We should introduce compulsory voting	against	we should not introduce compulsory voting because some people that are unable to read and or write will be voting	1	0	1	0	0	0	0	0	0	0	3.405649038461539
209	We should ban factory farming	against	factory farming has allowed the prices of food to drop drastically.	0	0	0	0	1	1	0	0	0	0	3.3383413461538463
3538	The use of public defenders should be mandatory	against	if a person is able to afford better, more experienced attorneys to give them a better chance in court, then they should be able to.  public defenders are for those who can not afford the more expensive ones.	1	0	0	0	1	0	1	0	0	0	3.2223557692307696
3881	We should support short-distance economies	in favor of	supporting short-distance economies can help kick off the development of localized small-scale economies.	1	0	0	0	1	0	0	0	0	0	3.8876201923076925
4158	We should ban the trading of virtual currencies.	in favor of	Virtual currency is not protected by contract law and property law in China.	0	0	0	0	1	1	0	0	0	0	3.3383413461538463
3097	The Commission should take care of the administration of camps where migrants and asylum seekers are kept.	against	All refugee camps should be closed. And illegals moved back to the last country they left. 	0	1	1	0	1	1	0	0	0	0	3.0453725961538463
1917	We should end the use of economic sanctions	in favor of	economic sanctions will hit poorer people in the affected country more than politicians.	0	0	0	0	1	0	0	0	0	1	3.2658253205128203
3841	MBAs do not make good business leaders	in favor of	MBA programs are the best in shaping personality and behavioural skills, which are the most essential qualities of leaders.	1	1	0	0	1	0	0	0	0	0	3.1414262820512824
1685	We should abolish capital punishment	against	Capital punishment creates space for potential rehabilitation without prison over-population.	1	0	1	0	1	1	0	0	0	0	3.3719951923076925
1222	We should adopt a multi-party system	against	they can lead to too much indecision	0	0	0	0	1	0	0	0	0	0	4.819711538461538
1694	We should ban algorithmic trading	against	algorithmic trading is the future of investing and can lead to a more prosperous economy in the long run.	1	0	0	0	1	0	0	0	0	0	3.8876201923076925
2267	We should abolish the three-strikes laws	against	the three-strikes laws helps deter people from committing further crimes	0	0	1	0	1	1	0	0	0	0	3.510817307692308
1490	We should subsidize journalism	against	the is enough money in journalism already, and funds available through subsidies should be redirected towards more worthwhile causes such as healthcare.	1	0	0	0	1	1	0	0	0	0	3.2107371794871793
2834	The EU should synchronize national elections 	in favor of	The political composition of the European Council - and therefore the EU’s political center of gravity - continuously changes during the EU political cycle, thus preventing clearer government majorities to emerge within these two European Councils.   	0	0	0	0	1	0	0	0	0	1	3.2658253205128203
906	We should end the use of economic sanctions	against	economic sanctions can put pressure on the regime in power.  it reduces their ability to buy weapons of oppression and the ability to keep their economy healthy.  it can be effective in the right circumstances.	0	0	1	0	1	1	0	0	0	1	3.0610977564102564
2397	We should subsidize higher education institutions	in favor of	 Though we have been establishing national-level institutes for the past 40 years, we haven’t been investing to maintain their standards. Funds are needed for quality education. Even the top Indian institutes lack proper infrastructure, labs, resources, etc. And even whatever is available is just for the sake of passing the students in the examination and sitting idle the rest of the time.	1	0	0	0	1	0	0	0	0	0	3.8876201923076925
1531	We should ban algorithmic trading	against	Algorithms can be tested against historical data, helping you optimize your trading strategy.	1	0	0	0	1	0	0	0	0	1	3.1623931623931623
819	We should ban algorithmic trading	in favor of	algorithmic trading removes the human element of common sense from trading patterns, which has caused many wild mini-crashes and market fluctuations.	1	1	1	0	1	1	0	0	0	0	3.027403846153846
2128	We should ban algorithmic trading	against	there's no need to ban algorithmic trading as it is a very good system for trading, leading to great gains for the investors.	1	0	0	0	1	0	0	0	0	0	3.8876201923076925
1341	We should fight for the abolition of nuclear weapons	in favor of	nuclear weapons are expensive to maintain	0	0	0	0	1	1	0	0	0	0	3.3383413461538463
2789	We need a better EU migration policy.	in favor of	It is absurd that such an EU policy about migration is lacking.  	0	0	1	0	0	0	0	0	0	0	3.855769230769232
3438	We should subsidize vocational education	against	education of all types is already being paid for by the cities where the schools are located	1	0	0	0	1	1	0	0	0	0	3.2107371794871793
4150	We should give up developing electric vehicles	against	Electric cars are much cheaper to use than fuel cars over the life cycle of a car.	1	0	0	0	1	1	0	0	0	0	3.2107371794871793
3721	Entrapment should be legalized	in favor of	legalize entrapment so we can stop crimes before they happen	0	0	1	0	1	1	0	0	0	0	3.510817307692308
3282	We should subsidize vocational education	against	vocational education doesn't need to be subsidized.  it's an option and is up to the person to choose it and subsequently pay for it as well.	1	1	1	0	1	0	1	0	0	0	3.0343750000000003
354	We should ban algorithmic trading	in favor of	algorithmic trading can cause unnatural market movements.	0	0	0	0	1	1	0	0	0	0	3.3383413461538463
1437	We should limit judicial activism	in favor of	judicial activism should be limited because law making is best done by the legislative and executive branches of government	0	0	1	0	1	0	0	0	0	1	3.462473290598291
3093	We need a stand-alone European army.	in favor of	A European army is not only needed to attack and defend but to give weight to European words. 	0	0	0	0	1	1	0	0	0	0	3.3383413461538463
1775	We should subsidize embryonic stem cell research	against	there are other avenues of stem cell research that do not require the highly contentious and offensive use of embryonic cells	0	0	0	0	1	0	0	0	0	1	3.2658253205128203
2330	We should oppose collectivism	against	collectivism utilizes the best from many sources	1	0	0	0	1	0	0	0	0	0	3.8876201923076925
3403	Entrapment should be legalized	in favor of	luring a criminal in a well controlled way is the best method of capturing them	1	0	0	0	1	1	0	0	0	0	3.2107371794871793
613	We should abolish capital punishment	against	recent investigations consistently demonstrate a strong link between executions and reduced murder rates	0	0	1	0	1	1	0	0	0	1	3.0610977564102564
1232	We should end the use of economic sanctions	against	you shouldn't have to share what you have with other places who do things that are against your country's beliefs.	0	0	0	0	1	0	0	0	0	0	4.819711538461538
3972	We should stop destabilizing developing countries by subsidized agricultural exports	against	It will take years before the local farmers will be able to give well paid jobs to the local workers. In the meantime you'll have a famine and a genocide. And I didn't even mention the effects of a sudden huge inflation wave.	0	0	0	0	1	1	0	0	0	0	3.3383413461538463
1910	We should adopt gender-neutral language	against	gender neutral language causes confusion and is taking political correctness too far, by all means allow people to be referred to by their preferred gender but people are not 'neutral.'	1	0	1	0	0	0	0	0	0	0	3.405649038461539
88	We should end the use of economic sanctions	in favor of	if we end economic sanctions, then it would lead to a more fair trade market.	1	0	0	0	1	0	0	0	0	1	3.1623931623931623
3059	We need Integrated migration and border policy.	against	 Refugees can obtain a visa at an Embassy in one of the 54 African countries. All other immigrants must be returned within a week of arrival.	0	0	1	0	1	0	0	0	0	0	4.337740384615385
2947	Esperanto should replace English as the first foreign language in schools and universities	in favor of	To build a common European understanding and to create a European identity, we need our own common language. 	1	0	0	0	1	1	0	0	0	0	3.2107371794871793
1580	We should legalize organ trade	in favor of	Organ sales creates an incentive for people to remain healthy so they can sell their organs.	0	0	1	0	1	1	0	0	0	0	3.510817307692308
1522	We should ban algorithmic trading	in favor of	algorithimic trading, which to all intents and purposes is nothing more than ai-enabled gambling, makes a volatile, destructive and unethical trade even more so.	0	0	1	0	1	1	0	0	0	0	3.510817307692308
133	We should abolish the three-strikes laws	in favor of	abolishing the three strikes law would save money	0	0	0	0	1	1	0	0	0	0	3.3383413461538463
2027	We should abolish the right to keep and bear arms	in favor of	we should abolish the right to keep and bear arms because i think we have the proper government and people to take care of and protect us.	0	0	0	0	1	1	0	0	0	0	3.3383413461538463
1136	We should abolish the three-strikes laws	in favor of	three strikes is too many in some cases.  if people know they have three chances, they will not be deterred from using that to their advantage.	0	0	1	0	1	1	0	0	0	1	3.0610977564102564
881	We should ban algorithmic trading	against	algorithmic trading allows larger orders to happen that one individual couldn't do without the use of the 'robots'.	1	0	0	0	1	0	0	0	0	1	3.1623931623931623
4095	We should remove illegal immigrants.	in favor of	EU must take action. Help those in need, but only those who respect legal boundaries. Mutual respect is a cornerstone in this subject where we must set limits to protect Europe. 	0	1	1	0	1	0	0	0	1	0	3.151442307692308
3004	There should be no immigration from non-European or non-first-world countries 	in favor of	We need to agree that people who do not respect our immigration law are detained in centers for repatriation.	0	0	1	0	0	0	0	0	0	0	3.855769230769232
1691	We should subsidize space exploration	in favor of	the technology we get from space exploration alone is worth the cost of it	1	0	0	0	1	0	0	0	0	1	3.1623931623931623
4102	We should support Frontex.	in favor of	 The EU needs a robust Frontex Agency with the caveat that Frontex missions must report to the member states on whose territories they operate.	0	1	1	0	1	1	0	0	0	0	3.0453725961538463
2238	We should abolish capital punishment	in favor of	Administering lethal injection violates the Hippocratic oath of doctors.	0	0	1	0	0	0	0	0	1	0	3.068509615384616
3787	Referendums are good for the society	in favor of	Referendums force governments to do what the people actually want.	1	0	0	0	1	0	1	0	0	0	3.2223557692307696
1780	We should abolish capital punishment	in favor of	capital punishment takes too long and has a long appeal process costing taxpayers money.	1	0	0	0	1	1	0	0	0	0	3.2107371794871793
1773	We should fight for the abolition of nuclear weapons	in favor of	The cost of developing nuclear weapons in developing states drains cash from infrastructure, education, and welfare funds which hurts the population as a whole.	0	0	0	0	1	1	0	0	0	0	3.3383413461538463
1000	We should ban whaling	against	many economies are sustained thanks to whaling	1	0	0	0	1	1	0	0	0	0	3.2107371794871793
3489	Holocaust denial should be a criminal offence	in favor of	Denying that Holocaust in front of people who were affected by it can cause severe mental/emotional trauma.	0	0	1	0	0	0	0	0	0	0	3.855769230769232
1620	We should ban algorithmic trading	against	algorithmic trading enables trades to be made without spikes of emotion or rage on the part of the trader, therefore it can only be seen as positive.	1	0	0	0	1	0	0	0	0	0	3.8876201923076925
1508	We should limit judicial activism	against	judges are going to use their beliefs to interpret laws and we shouldn't limit that once they are elected, we should understand their views before electing them.	0	0	1	0	1	1	0	0	0	1	3.0610977564102564
3363	We should subsidize vocational education	against	The salaries of vocational school graduates are significantly less than those earned by college graduates with bachelors degrees. Better to subsidize 4-year colleges than vocational schools.	1	0	0	0	1	0	0	0	0	0	3.8876201923076925
1020	We should legalize organ trade	in favor of	Organ sales can raise many people out of poverty, providing them with more opportunities.	1	0	0	0	1	1	0	0	0	0	3.2107371794871793
767	We should introduce compulsory voting	in favor of	looking at the current state of politics around the world it is evident that democracy only exists through vigilance. compulsory voting would help to keep democracy alive when under threat.	1	0	1	0	1	1	0	0	0	0	3.3719951923076925
1352	We should abolish zoos	in favor of	zoo's are horrid places that keep animals in tiny cages and then charges the public high prices to see them.	0	0	0	0	1	0	0	0	0	1	3.2658253205128203
1056	We should abolish capital punishment	against	i think capital punishment is useful for some people because it turns them into better people	0	1	1	0	1	0	0	0	0	0	3.4415064102564106
1470	We should legalize cannabis	in favor of	legal marijuana can add millions of dollars in federal taxes paid by cannabis businesses	0	0	0	0	1	1	0	0	0	0	3.3383413461538463
4120	We should strengthen Frontex and control immigration.	in favor of	Frontex must be given powers and resources to shut down the migratory routes entirely.	0	0	0	0	1	1	0	0	0	0	3.3383413461538463
1063	We should ban algorithmic trading	against	algorithmic trading allows for quicker and more effective trading than can be conducted by a human investor.	1	0	0	0	1	0	0	0	0	1	3.1623931623931623
3941	We should improve migration policies 	in favor of	The only meaningful immigration is when there is a member country with a specific vacancy. That member will also be responsible for the integration (at a cost of Euro 167,000). The EU has only to administer the paperwork and supervise if matters spin out of control. 	0	1	0	0	1	0	0	1	0	0	3.267628205128205
749	We should subsidize space exploration	against	in times of austerity, no government can afford the costly exercise of subsidising space exploration.	0	0	0	0	1	1	0	0	0	0	3.3383413461538463
229	We should limit judicial activism	against	judicial activism can highlight wrong legislation, or deliver accurate justice that cannot be addressed through the existing laws	1	0	0	0	1	0	0	0	0	1	3.1623931623931623
360	We should introduce compulsory voting	against	voting should be a choice for every person	0	0	0	0	1	0	1	0	0	0	3.355769230769231
1485	We should introduce compulsory voting	in favor of	all citizens should be compelled to vote to voice their opinion on who should be our elected leaders. apathy in selecting our political leaders is detrimental to our society.	1	1	1	0	1	1	0	0	0	0	3.027403846153846
1351	We should abolish the three-strikes laws	against	The three-strikes law gives victims peace of mind that the person who perpetuated a crime against them won't one day return and harm them again.	0	0	1	0	1	1	0	0	0	1	3.0610977564102564
2143	We should end the use of economic sanctions	against	economic sanctions should remain as it gives us a leverage against countries who don't obey the rules like  iran and north korea.	0	0	1	0	1	1	0	0	0	0	3.510817307692308
1822	We should abolish the three-strikes laws	against	We should not abolish the three-strikes laws in all cases, but it should be up to judicial discretion, so that the worst criminal are off the streets.	0	0	1	0	1	1	0	0	0	1	3.0610977564102564
745	We should abolish capital punishment	against	capital punishment is a way to deter heinous crimes.	0	0	1	0	1	1	0	0	0	1	3.0610977564102564
1947	We should legalize organ trade	in favor of	organ trade will allow for more transplants, benefitting society a a whole	1	0	0	0	1	1	0	0	0	0	3.2107371794871793
2293	We should ban targeted killing	against	targeted killing is a tool that allows the military to accomplish their objectives.	1	0	0	0	1	1	0	0	0	0	3.2107371794871793
3350	The use of public defenders should be mandatory	against	making the use of public defenders madatory would increase the number of miscarriages of justice since the best and most able defence lawyers would go to areas of the law where they can make the most money	1	0	0	0	1	0	0	0	0	1	3.1623931623931623
3376	Blockade of the Gaza Strip should be ended	against	until there is peace people on both sides require protection	0	0	1	0	1	1	0	0	0	1	3.0610977564102564
3711	Payday loans should be banned	in favor of	payday loans creates bad habits and promote irresponsibility	0	1	1	0	1	1	0	0	0	0	3.0453725961538463
1356	We should ban algorithmic trading	against	algorithmic trading helps people trade with a smaller risk of financial losses.	1	1	0	0	1	0	0	0	0	0	3.1414262820512824
1502	We should ban algorithmic trading	in favor of	algorithmic trading is unfair because traders with faster computers and better connections to the market will have an advantage over others.	1	0	0	0	1	0	0	0	0	1	3.1623931623931623
2550	Uniforms should be mandatory in schools	in favor of	If the children are used to uniforms, they will no issues in the future if their profession demands uniform.	0	0	1	0	0	0	0	0	0	0	3.855769230769232
951	We should ban algorithmic trading	against	algorithmic trading might be good for those starting out since it takes all the guess work out.	1	1	0	0	1	0	0	0	0	0	3.1414262820512824
3624	Blockade of the Gaza Strip should be ended	against	blockade of the gaza strip should not be ended because it is there to keep out certain people	0	0	1	0	1	1	0	0	0	1	3.0610977564102564
2270	We should subsidize embryonic stem cell research	against	stem cell research may offend religious individuals	0	0	1	0	0	0	0	0	1	0	3.068509615384616
3645	We should subsidize vocational education	in favor of	not all high school graduates complete a college degree and some of them get jobs that don't even require a degree, vocational education would really help them get better jobs than otherwise available to them.	1	0	0	0	1	1	0	0	0	0	3.2107371794871793
2148	We should introduce compulsory voting	in favor of	too many people do not take responsibility for their part in democracy	1	1	0	0	1	0	0	0	0	0	3.1414262820512824
3459	Payday loans should be banned	in favor of	payday loans cost more money than its worth.	0	0	0	0	1	1	0	0	0	0	3.3383413461538463
3201	We should subsidize vocational education	in favor of	Vocational schools teach students - in a relatively short amount of time - professions that have high earning potential. In two years or less, graduates can already be working and making money.	1	0	0	0	1	0	1	0	0	0	3.2223557692307696
1855	We should ban private military companies	in favor of	only the federal government should be allowed to handle any military training.	0	0	0	0	1	0	0	0	0	0	4.819711538461538
3418	The use of public defenders should be mandatory	against	if you have the financial means to employ the best defence, why shouldn't you be able to do that if it gives you a better chance of being found not guilty.	1	0	0	0	1	0	0	0	0	0	3.8876201923076925
3060	There should be a single EU policy. 	in favor of	The EU should be a global actor. Merge all Foreign affairs departments from member states into a coordinated European network for international policy and intelligence.	0	0	0	0	1	1	0	0	0	0	3.3383413461538463
4113	We should remove unauthorized asylum seekers or migrants.	in favor of	Unauthorized asylum seekers or migrants have no right to be in the country where they are unauthorized.	0	0	1	0	0	0	0	0	0	0	3.855769230769232
3028	There should be a better post-Brexit European Alliance	against	The EU and its member states have already various partnership or neighborhood programs for Non-EU states.	0	0	1	0	1	1	0	0	0	1	3.0610977564102564
1383	We should end the use of economic sanctions	against	economic sanctions keep people from doing bad by costing them precious money	0	0	1	0	1	1	0	0	0	0	3.510817307692308
370	We should abolish capital punishment	against	capital punishment is absolutely needed. it acts as a deterrent to prevent future crime. if a person knows they can be killed for their crime, it deters them and also makes sure they aren't released from prison	0	0	1	0	1	1	0	0	0	1	3.0610977564102564
167	We should ban algorithmic trading	against	ai is the future and algorithmic trading is simply a form of ai that makes the most of trading opportunities which will be the norm in the not to distant future.	1	0	0	0	1	0	0	0	0	1	3.1623931623931623
2889	The EU needs a European research center	in favor of	I think the problem in the EU is the incompetence to establish inventions in the market. There are lots of inventions that are made and funded by public EU research facilities brought into the market by small startups. In the end, they are picked like ripe fruits by the US or Chinese companies where the big money is made.	1	0	0	0	1	0	0	0	0	1	3.1623931623931623
1865	We should introduce compulsory voting	in favor of	compulsory voting would ensure that everyone would vote and have a voice in what goes on.	0	0	0	0	1	0	0	0	0	0	4.819711538461538
2415	We should adapt the viable pay incentive scheme	against	Mostly, sales jobs have a variable component. This might negatively impact the employee’s attitude towards customers. They may force the customers irrationally just to make profits for themselves. They might overstate the price to the customers just to make more profit. Whereas, an employee with a fixed salary would maintain healthy and positive relations with the customers, striking the right balance in their approach.	0	1	1	0	1	0	0	0	0	1	3.0091145833333335
1240	We should subsidize student loans	against	student loans can be expensive and put young people in debt	1	0	0	0	1	1	0	0	0	0	3.2107371794871793
1794	We should adopt a multi-party system	against	Minority parties have too much power. A winning party often has to offer concessions to small, minority parties in order to form a government.	0	0	0	0	1	0	1	0	0	0	3.355769230769231
3067	The European Union has no other choice than to reject all immigration, except for workers they need.	in favor of	Africa and the Middle East have the highest birthrate in the World. Africa has up to 7 children per woman. The EU has 1,55.  It is this high birthrate that keeps them poor. There is almost nothing the EU can do about it.	1	0	0	0	1	1	0	0	0	0	3.2107371794871793
2876	We need to move towards drug reform, which will change our outdated drug policy.	in favor of	Tax revenues generated by cannabis could be redirected towards education in poor neighborhoods (increasing teachers' pay in these areas, reducing the number of teachers per class) in order to give these populations a better future. But unlike in the Netherlands, production should also be legal and highly regulated by the state.	1	0	1	0	1	1	0	0	0	1	3.0399839743589743
2806	The EU should equalize the retirement age for all Europeans. 	against	Retirement is often funded by taxes and taxes are decided by each member state. So each member state should also be the one who decides how those taxes are spent. For some countries, a retirement age of 65 may be unaffordable or undesirable, while for others it may not.	0	0	0	0	1	0	1	0	0	0	3.355769230769231
1290	We should fight for the abolition of nuclear weapons	against	nuclear weapons are effective in creating a stand-off between counties that have them. this can result in less people dying.	0	0	1	0	1	1	0	0	0	1	3.0610977564102564
4034	We should punish illegal Immigrants and only accept legal immigrants.	in favor of	We would have to change asylum rules. Illegal immigrants will claim asylum after entering the country to attempt to make their entry legal. It then becomes a massive pain to deport them. Illegal entries must result in an automatic rejection of asylum claims.	0	0	1	0	1	1	0	0	0	1	3.0610977564102564
2962	The fear of migration is a fear of the unknown and is exacerbated.	against	Fear of the unknown is normal behavior. It has saved our race since ages starting when mankind was a simple monkey among others. 	0	0	0	0	1	1	0	0	0	0	3.3383413461538463
4156	We should ban the trading of virtual currencies.	in favor of	Virtual currency is a money laundering channel for criminals.	0	0	1	0	0	0	0	0	0	0	3.855769230769232
3057	The EU must take the lead for the Middle East.	in favor of	I would like to strongly support the need for Europe to gain back an active role in the diplomatic efforts to try to stabilize the Middle East and in particular to find a just and fair solution to the Israel - Palestine conflict. I remember that the European Union - with the Venice Declaration of June 1980 - played a key role in pushing the Palestinians to the table of negotiations. That text was much criticized at that time, but with the benefit of insights, it was right! Europe has become more and more marginal in the peace process and this has contributed to a much-aggravated situation where problems are even more difficult to resolve than 40 years ago and create room for despair and violence. 	0	0	0	0	1	0	0	0	0	1	3.2658253205128203
3958	We should return to the free market capitalist ideals in Europe and stop the advance of socialism and leftist ideology	against	Capitalism and the free market indeed created western wealth. However, the interesting question then is: who benefited from this wealth? Without some sort of regulation and control from the State, companies will continue what they do best, increase profit without any concern for environmental and social matters. 	0	0	1	0	1	1	0	0	0	1	3.0610977564102564
2639	NGO boats should have an government representative on board to make sure they aren't people trafficking	against	NGO boats should be forbidden, only Frontex should intervene to bring them home	0	0	1	0	1	1	0	0	0	1	3.0610977564102564
1624	We should legalize cannabis	in favor of	cannabis should be legalized with the same limitations as alcohol	0	0	1	1	0	0	1	0	0	0	3.1782852564102573
2735	We need Integrated migration and border policy.	against	 Refugees can obtain a visa at an Embassy in one of the 54 African countries. All other immigrants must be returned within a week of arrival.	0	0	1	0	1	0	0	0	0	0	4.337740384615385
1417	We should oppose collectivism	in favor of	collectivism does not allow one person to stand out from the others, which can be negative	1	0	0	0	1	0	1	1	0	0	3.250300480769231
1539	We should legalize cannabis	in favor of	people buy cannabis regardless of whether it is legal or not, so we might as well tax it to make extra money	0	0	1	0	1	0	0	0	0	0	4.337740384615385
1966	We should introduce compulsory voting	in favor of	compulsory voting would make the opinions of everyone's opinions be taken into account.	0	0	1	0	1	0	1	0	0	1	3.069811698717949
1948	We should introduce compulsory voting	in favor of	it sends a worthwhile message; that your vote and your opinion is important to a democratic decision. a democracy cannot be representative of the people if vast portions of some demographics don't vote	0	0	0	0	1	0	0	0	0	1	3.2658253205128203
4180	We should protect our privacy in the Internet age.	against	If the laws and regulations on privacy protection in one region or country are too stringent, it is likely to lead to the transfer of capital to another region or country.	0	0	0	0	1	0	0	0	0	0	4.819711538461538
7	We should end the use of economic sanctions	against	economic sanctions provide a non-military sanction to use against countries.	0	0	0	0	1	0	0	0	0	1	3.2658253205128203
2374	We should strengthen laws to fight against terrorism	in favor of	There is a need to act tough on terrorism amid growing threats from terrorists. So, strengthening UAPA is necessary.	0	0	0	0	1	1	0	0	0	0	3.3383413461538463
2053	We should ban targeted killing	in favor of	target killing is just another word for assassinations which are against international laws.	0	0	1	0	0	0	0	0	0	0	3.855769230769232
1266	We should abolish capital punishment	against	capital punishment disincentives people to commit crimes	0	0	1	0	1	1	0	0	0	0	3.510817307692308
2537	Betting and gambling should be legalized in India	against	There is no guarantee that illegal gambling activities will stop.	0	0	1	0	0	0	0	0	0	0	3.855769230769232
2596	Intensive livestock farming should disappear	in favor of	In Germany, 60% of the land is used for animal feed. In determining how much subsidy a holding receives, the area of the holding is decisive. In other words, a lot of land, a large amount of subsidy. This results in cheap animal feed and, ultimately, intensive livestock farming. Thus, if the state subsidises animal feed and livestock farming on the basis of their size and not on the basis of sustainability and animal welfare, the concept of intensive livestock farming will be supported.	1	0	0	0	1	0	0	0	0	1	3.1623931623931623
243	We should ban algorithmic trading	against	programmes will always evolve to make better use of trading practices, so holding people back from using algorithmic trading will only serve to slow down progress.	1	0	0	0	1	0	0	0	0	0	3.8876201923076925
1346	We should adopt gender-neutral language	against	there is no need for gender-neutral language. someone could be an actress or an actor and can identify as either without changing the language that we use.	0	0	1	0	0	0	0	0	1	0	3.068509615384616
3279	Payday loans should be banned	in favor of	payday loans only serve to get people into more money troubles.	1	1	1	0	1	1	0	0	0	0	3.027403846153846
2276	We should adopt a multi-party system	in favor of	it will give a stronger representation of the electorate.	0	0	0	0	1	0	0	0	0	1	3.2658253205128203
3424	Entrapment should be legalized	in favor of	It is preferable to legalize entrapment and allow for random tests of civilians obeying the law than to have over-policing and community monitoring which uses more resources and causes more tension with the community.	0	0	1	0	1	1	0	0	0	0	3.510817307692308
2836	The EU should synchronize national elections 	in favor of	Synchronizing national elections would allow European citizens to engage in major pan-European campaigns.	0	0	0	0	1	0	0	0	0	0	4.819711538461538
3360	Blockade of the Gaza Strip should be ended	against	we must continue to apply pressure to achieve the objectives that will be the best for both peoples	0	0	1	0	1	1	0	0	0	1	3.0610977564102564
3735	Payday loans should be banned	in favor of	they charge a crazy amount of interest on their loans, driving many people into serious debt.	0	0	0	0	1	1	0	0	0	0	3.3383413461538463
2514	The Sabarimala verdict is progressive and not a threat to traditions	in favor of	Sabarimala temple is taking funds from government and hence state government has the right to make changes in law for the temple.	0	0	1	0	0	0	0	0	0	0	3.855769230769232
2570	There should be a ban on Bandhs	in favor of	Industries are also one of the worst hits. Investors may lose interest to invest in manufacturing sector as bandh by anyone results in the loss to them.	1	0	0	0	1	1	0	0	0	0	3.2107371794871793
1367	We should ban targeted killing	against	evil has penetrated society, and there are times when there is no other way out to eradicate it than to resort to force, evil can not be overcome with discourses, it is necessary to fight fire with fire.	0	0	0	0	1	1	0	0	0	0	3.3383413461538463
3512	Blockade of the Gaza Strip should be ended	against	palestine has endangered the nation of israel and they should be punished.	0	0	1	0	1	1	0	0	0	1	3.0610977564102564
1177	We should ban factory farming	in favor of	factory farming takes away jobs from people who know no other work.	1	0	0	0	1	1	0	0	0	0	3.2107371794871793
3918	We should preserve bees and polling insects	in favor of	The economic value of polling insects, often bees, is estimated by researchers to be EUR 153 trillion. 9.5% of the total value of world food production. 	0	0	0	0	1	0	0	0	0	1	3.2658253205128203
1413	We should ban algorithmic trading	in favor of	algorithmic trading gives some people an unfair advantage	0	1	1	0	1	0	0	0	0	1	3.0091145833333335
3923	We should use the waste from the agri-food industry in the ruminant feed chain	in favor of	The fruit and vegetable sector is able to produce a large quantity of waste products which, if well reused, could be used for animal feed.	1	0	0	0	1	0	1	0	0	0	3.2223557692307696
431	We should subsidize space exploration	against	space exploration is a waste of taxpayers money and should be funded by private enterprises.	0	0	0	0	1	0	0	0	0	1	3.2658253205128203
4031	We should not have any immigration from non-European or non-first-world countries 	against	Japan was a global superpower once just behind the USA, however, it has a strict immigration policy. Where is it now in global power rankings?	1	0	0	0	1	0	0	0	0	1	3.1623931623931623
715	We should abolish capital punishment	against	Capital punishment makes the risk of committing a crime that you permanently lose your life and everything that matters to you, increasing the deterrence of the legal system.	0	0	1	0	1	1	0	0	0	1	3.0610977564102564
928	We should abolish capital punishment	against	capital punishment is the only acceptable punishment for some heinous crimes because they are so evil, life in prison is not enough.	0	0	1	0	1	1	0	0	0	1	3.0610977564102564
2497	Marital rape should be criminalized in India	against	The most misused law in the Indian judicial system is Section 498A, which allows women to file a case on a husband and his family in case of dowry harassment. Many women are using this law to extort money and property from their in-laws. If the law on marital rape comes into effect, many innocent men will be at threat.	0	0	0	0	1	0	0	0	0	1	3.2658253205128203
1874	We should legalize cannabis	against	we shouldn't legalize cannabis because it might get children addicted at a younger age if it's easier to acquire	0	0	1	0	1	1	0	0	0	1	3.0610977564102564
1584	We should ban private military companies	against	we should not ban private military companies as a person should have the right if they can afford to hire such companies to protect them.	0	0	0	0	1	0	1	0	0	0	3.355769230769231
170	We should ban factory farming	against	factory farming is efficient and lowers food production costs.	0	1	0	0	1	0	0	0	0	0	3.234375
351	We should legalize cannabis	against	cannabis use has been linked to mental problems in youth and shouldn't be legalized.	0	0	0	0	1	0	0	0	0	0	4.819711538461538
258	We should introduce compulsory voting	in favor of	turn out figures are unacceptably low, we need to motivate people to be active voters for a representative democracy	0	1	0	0	1	0	0	0	0	0	3.234375
1723	We should adopt a multi-party system	against	a multiparty system would be too decentralized	0	0	0	0	1	1	0	0	0	0	3.3383413461538463
1465	We should subsidize embryonic stem cell research	against	embryonic stem cell research is against god's will and should be stopped.	0	0	1	0	0	0	0	0	1	0	3.068509615384616
3859	Reservations in India should be based on economic status	against	In India, it's easy to hide some income resources and to get a false income certificate. Though the situations are changing for the better, it is not that difficult.	0	1	0	0	1	0	0	0	0	0	3.234375
2912	The EPPO’s jurisdiction should be extended to all member states	against	It is unacceptable. Every nation has the right to organize its own prosecution system and no foreign prosecutor should be allowed to operate in independent states, it is a threat to the sovereignty of the member states.	0	0	1	0	1	0	1	0	0	1	3.069811698717949
2255	We should subsidize journalism	in favor of	journalism provides a needed check on the government.	0	0	0	0	1	0	0	0	0	1	3.2658253205128203
1038	We should ban algorithmic trading	against	algorithmic trading is a technological improvement on antiquated methods of trading and should be encouraged and improved.	1	0	0	0	1	0	0	0	0	1	3.1623931623931623
468	We should fight for the abolition of nuclear weapons	against	The risk of nuclear war has made great powers more likely to turn to negotiation and cooperation to settle disputes, and abolishing nuclear weapons would make war less costly and more likely.	0	0	1	0	1	1	0	0	0	1	3.0610977564102564
2479	College education should be free for everyone	against	At present, private investments in education led to improvement in the quality of education. Without the commercialization of education, the quality of education may not improve much.	1	0	0	0	1	0	1	0	0	0	3.2223557692307696
4147	We should abolish the 996 overtime system	against	Corporate management seeks to maximize profits, and China's 996 overtime system can reduce operating costs, especially labor costs.	1	0	0	0	1	0	0	0	0	0	3.8876201923076925
3238	The use of public defenders should be mandatory	against	Public defenders cost the state too much money.	0	0	0	0	1	0	0	0	0	0	4.819711538461538
1784	We should subsidize journalism	against	journalism is a dying profession that is increasingly corrupt, so why use tax money towards it?	0	1	0	0	1	0	0	0	0	0	3.234375
412	We should ban algorithmic trading	in favor of	algorithmic trading is unfair and doesn't allow for the individual to make money that doesn't have the algorithim.	1	0	0	0	1	0	0	0	0	1	3.1623931623931623
3308	Entrapment should be legalized	in favor of	when it is known that someone has committed a crime but it cannot be proven then entrapment provides an effective way of proving what they are capable of.	1	0	1	0	1	1	0	0	0	0	3.3719951923076925
2121	We should introduce compulsory voting	in favor of	compulsory voting can help encourage better results during elections	1	1	0	0	1	0	0	0	0	0	3.1414262820512824
2923	The European Union, as a Union of values, should limit its support to countries that do not want to adhere to European values and violate the rights of their citizens	against	This is an attempt to combine the 'Multi-speed Europe' concept with the idea that European principles and values can be used as ideological clubs to beat those who engage in wrongthinking over the head with. If you insist on a set of shared EU principles and values that go beyond a mere symbolic declaration, these principles and values must include our real heritage: the Judeo-Christian values that have made Europe great. Traditional family values are first and foremost. All these values must be clearly defined in a legal sense.	0	0	1	0	0	0	0	0	1	0	3.068509615384616
2621	Frontex should regularly publish transparency reports	against	Frontex interfering with the national border guards doing their sacred duty to protect the border, and then sending anonymous reports to criticize these brave men and women is quite abhorrent. 	0	0	1	0	0	0	0	0	0	0	3.855769230769232
3523	We should subsidize vocational education	in favor of	we should subsidize vocational education because it would improve student life outcomes and improve the economy by filling more jobs	1	0	0	0	1	1	0	0	0	0	3.2107371794871793
50	We should limit judicial activism	in favor of	"activists judges aren't the ones shaping the laws. they're not ""all"" the people for who the laws are voted for. judicial activism has to be limited to only check for overuse of the power by governments"	0	0	0	0	1	0	0	0	0	0	4.819711538461538
2654	The European Union should support and integrate immigrant people to ensure that they live with dignity and equality with all European citizens	in favor of	Europe is more than rich enough to welcome many immigrants and if they are permitted to work, they will even generate their own income and benefits for the country they arrive in.	1	0	0	0	1	1	0	0	0	0	3.2107371794871793
3919	We should promote a culture of exchange and sharing of goods and services	in favor of	In this case, the service generates profit, not the product.	1	0	1	0	1	0	0	0	0	0	3.8770032051282057
1090	We should ban algorithmic trading	in favor of	we should ban algorithmic trading because is difficult in some economics	1	0	0	0	1	0	0	0	0	1	3.1623931623931623
2313	We should ban algorithmic trading	against	this should not be banned as it makes trading easier and simpler.	1	0	0	0	0	0	0	1	0	0	3.144831730769231
3717	We should subsidize vocational education	against	subsidies are unjust unless they are beneficial to all, not just a select few in certain fields.	0	0	0	0	1	0	0	0	0	1	3.2658253205128203
2206	We should oppose collectivism	against	we accept collectivism because it leads to less conflict due to people thinking as a team instead of one person thinking about themselves and causing trouble	1	0	1	0	1	1	0	1	0	1	3.0890090811965814
1724	We should end the use of economic sanctions	against	economic sanctions help punish bad behavior	0	0	1	0	0	0	0	0	0	0	3.855769230769232
1072	We should end the use of economic sanctions	against	we should support economic sanctions to keep others from violating interests	0	1	1	0	1	1	0	0	0	0	3.0453725961538463
3031	The EU should join NATO	in favor of	It would be easier if the EU joined NATO. The internal rivalry between the single EU states would stop. Also, the issue of a legitimate European army would be solved. However, I am not sure how this would work out in legal terms. Federations have already joined NATO, rather than individual states, but what would be the status of the EU?	0	0	1	0	1	1	0	0	0	1	3.0610977564102564
2221	We should ban factory farming	in favor of	it would make prices lower for consumers	0	0	0	0	1	1	0	0	0	0	3.3383413461538463
625	We should ban algorithmic trading	against	if the technology exists then it should be okay to use it	1	0	0	0	1	0	0	0	0	1	3.1623931623931623
437	We should ban algorithmic trading	in favor of	Algorithmic trading allows computers to buy and sell assets suddenly and in massive quantities, creating shifts in the market and making human trading difficult.	1	1	1	0	1	1	0	0	0	0	3.027403846153846
315	We should introduce compulsory voting	in favor of	more voters would boost voter turnout.	0	0	1	0	1	1	0	0	0	0	3.510817307692308
2798	The EU should focus more on ensuring the success of the internal market, and on improving its competitiveness	in favor of	The more dynamic the economy, the stronger the innovation and worldwide influence the EU will have, including soft power.	0	0	0	0	1	0	1	0	0	0	3.355769230769231
1997	We should abolish capital punishment	against	capital punishment remains a good deterrent for serious crime	0	0	1	0	1	1	0	0	0	0	3.510817307692308
3909	We should promote the use of nuclear energy	against	Nuclear energy simply is too expensive and hence economically not viable.	0	0	0	0	1	1	0	0	0	0	3.3383413461538463
251	We should ban whaling	in favor of	whaling should be banned because it harms economic activity that's generated by whale watching	0	0	0	0	1	0	0	0	0	1	3.2658253205128203
3337	We should subsidize vocational education	in favor of	vocational education should be subsidized as it will allow people to get the training required for new jobs.	1	0	0	0	1	1	0	0	0	0	3.2107371794871793
2335	We should ban targeted killing	against	targeted killing should not be banned as the government has the intelligence and knowledge to knowingly destroy a threat without destruction of many persons or communities.	1	0	0	0	1	1	0	0	0	0	3.2107371794871793
2690	We need integrated rail transport systems, agreements between various railway operators and a simple and accessible search engine	in favor of	This would help to plan the most efficient and economical itinerary 	1	0	0	0	1	0	0	0	0	0	3.8876201923076925
2971	There should be 6 concrete proposals for migrants on the Balkan route.	in favor of	The proposal of the Sardines to reform EU asylum policy is an excellent proposal, well and thoroughly written.	1	0	0	0	1	1	0	0	0	0	3.2107371794871793
1611	We should adopt atheism	against	atheism should not be adopted as it would be offensive to various religious groups.	0	0	1	0	0	0	0	0	1	0	3.068509615384616
3708	Payday loans should be banned	in favor of	this type of loans is not allowed by state law or because the lenders decided not to do business on the interest rate and the allowable installments in those states.	0	0	1	0	0	0	0	0	0	0	3.855769230769232
1436	We should legalize organ trade	in favor of	we should legalize organ trade because it will be better monitored than having organs being sold on the black market	0	0	1	0	1	1	0	0	0	0	3.510817307692308
656	We should abolish the three-strikes laws	against	The three-strikes law is a deterrent against crime.	0	0	1	0	1	1	0	0	0	1	3.0610977564102564
1415	We should ban private military companies	against	private military companies are a business like any other and are subject to national and international regulations	0	0	1	0	0	0	0	0	0	0	3.855769230769232
1368	We should abolish capital punishment	against	Giving a killer the death sentence will stop them  doing it again	0	0	1	0	1	1	0	0	0	1	3.0610977564102564
127	We should end the use of economic sanctions	in favor of	economic sanctions hurt the poorest people of a nation	0	0	0	0	1	0	0	0	0	1	3.2658253205128203
697	We should ban private military companies	in favor of	private military companies do not all follow the rules of the country	0	0	1	0	1	1	0	0	0	1	3.0610977564102564
3071	The EU should be a permanent member of the UN Security Council.	in favor of	It is a good idea that France should coordinate its positions on the UN Security Council with the EU or leave its seat to the EU entirely. This way foreign policy decision-making within the EU can be made more straightforward.	1	0	1	0	1	0	1	0	0	0	3.380709134615385
191	We should ban algorithmic trading	against	algorithmic trading allows for greater numbers of trades to happen, getting more people involved in the economy	1	0	0	0	1	0	0	1	0	0	3.703125
1549	We should ban targeted killing	in favor of	we should ban targeted killing as it is an unfair advantage to those that do not have the same equipment.	1	0	1	0	1	0	0	0	0	1	3.3357371794871797
396	We should legalize cannabis	in favor of	some states have already done it so we might as well.	0	0	1	1	0	0	0	1	0	1	3.1722756410256414
4027	We should protect the European border	in favor of	Only together and with  Frontex we ensure the management of EU borders. Migrants from Africa and Asia will arrive in increasing numbers in the coming years.	0	0	0	0	1	1	0	0	0	0	3.3383413461538463
3435	Payday loans should be banned	in favor of	they should not be used as sometimes the money is never repaid	0	1	1	0	1	1	0	0	0	0	3.0453725961538463
2228	We should limit judicial activism	against	we should not limit judicial activism because judges have better knowledge of the laws than juries do	1	0	0	0	1	0	0	0	0	0	3.8876201923076925
2906	The EU should enforce the obligation to respect the Rule of Law within its borders	in favor of	Current concerns about rule of law infringements are simply being brushed off as 'national matters'. If this continues, how can the EU assume authority to promote democracy abroad? More strict and enforceable minimum standards must be introduced, under clearly increasing penalties for non-compliance. If shared values and democracy are indeed a requisite to be a part of the EU, then continued adherence should be a precondition to remain a part of it.	1	1	1	0	1	1	0	0	0	0	3.027403846153846
3763	Payday loans should be banned	against	for some people, a payday loan is all that keeps them from losing it all.  we cannot remove this vital lifeline.	0	0	0	0	1	1	0	0	0	0	3.3383413461538463
2450	NEET exam should be banned	in favor of	Students work hard to score well in class 12 exams, but all that hard work is not recognized. And only the NEET score is considered for entry into medical college, which is very unfair. Moreover, the NEET exam is mainly based on the CBSE curriculum. So, state board students have to study additional things to get a good score on the exam.	1	0	0	0	1	0	0	0	0	1	3.1623931623931623
2126	We should end the use of economic sanctions	against	sanctions are good and they can put pressure on a country to make changes	1	1	1	0	1	1	0	0	0	0	3.027403846153846
2150	We should adopt a multi-party system	in favor of	a multi-party system would bring more choices for people to speak up and vote.	1	0	0	0	1	0	1	0	0	0	3.2223557692307696
3044	There should be no immigration from non-European or non-first-world countries 	in favor of	Marvelous to see this idea of halting immigration receive the most endorsements on the migration topic. This is really not going according to plan for the globalists! 	0	0	0	0	1	0	1	0	0	0	3.355769230769231
4016	We should strengthen Frontex and control immigration.	in favor of	Frontex must be given powers and resources to shut down the migratory routes entirely.	1	0	0	0	1	1	0	0	0	0	3.2107371794871793
2601	Europe should put a GreenTax on top of all imports from highly polluting countries	in favor of	taxation seems to be the only real way to incentivize other countries less worried about climate change to work on it	1	0	1	0	1	0	0	0	0	1	3.3357371794871797
4168	We should ban the trading of virtual currencies.	against	Virtual currency improves liquidity and improves the efficiency of economic and social commodity circulation.	1	0	0	0	1	0	0	0	0	0	3.8876201923076925
4018	We should rethink the legal state of Family Reunification.	in favor of	Illegal loopholes in the legislation are enabling illegal migration. Family Reunification has been and remains the biggest channel of migration into the EU.	0	0	1	0	0	0	0	0	0	0	3.855769230769232
3120	The European Union should visible on the facades of the embassies and consulates of European countries.	in favor of	The European flag should be systematically displayed, in addition to the national flag, on any facade of an embassy or consulate of a European country. This would enhance the image of the European Union in addition to synergies like the pooling of support services. This approach could accompany the construction of common structures and policies in the field of foreign affairs.	0	0	0	0	1	1	0	0	0	0	3.3383413461538463
2807	Food health and industry companies should be located within the EU	in favor of	The COVID crisis has shown, that we are very vulnerable.  Critical industries must stay in Europe. Infrastructure in the EU especially critical infrastructure must remain under full and absolute European control.	0	0	0	0	1	1	0	0	0	0	3.3383413461538463
2013	We should ban private military companies	against	the government cannot keep up with the supply and demand of our military and banning private military companies would prove to be detrimental by creating shortage of supplies.	0	0	0	0	1	1	0	0	0	0	3.3383413461538463
1608	We should introduce compulsory voting	in favor of	it would lead to governments better reflecting the public	0	0	0	0	1	1	0	0	0	0	3.3383413461538463
426	We should limit judicial activism	in favor of	judges who rule based on their own personal and political beliefs usurp the power of our elected officials and are violating our constitutional rights,	0	0	1	0	1	0	0	0	0	1	3.462473290598291
2229	We should adopt gender-neutral language	in favor of	over sensitive people will be offended if we don't.	0	0	1	0	0	0	0	0	0	0	3.855769230769232
1894	We should introduce compulsory voting	in favor of	compulsory voting will increase the number of voter turnout.	1	1	1	0	1	0	0	0	0	0	3.3200120192307696
3154	The EU should integrate the armed forces of its member states	in favor of	I am all for the creation of a European army, but for that, the question of the command of this army must also be resolved. And this is where the idea of a European Security Council is very interesting and deserves to be pushed.	0	0	0	0	1	0	0	0	0	0	4.819711538461538
2670	We need a common migration and asylum policy, based on respect for rights and equal treatment	in favor of	Although there is an immense increase in the number of TCN migrant workers, there is no adequate policy in protecting their rights. Anyone in Europe should be entitled to the same worker’s rights, no matter where they come from. As migration is an issue that is dealt with by all countries, we must find a common answer at the EU level.	0	0	0	0	1	0	0	0	0	1	3.2658253205128203
1158	We should adopt a multi-party system	against	consensus can become difficult in multi party systems	1	0	1	0	1	1	0	0	0	0	3.3719951923076925
506	We should prohibit school prayer	against	the basic message in prayer is universal, encouraging people to be considerate and love one another - this is a basic message for every child in school, irrespective of their religion, and should be encouraged.	0	1	1	0	1	0	0	0	1	0	3.151442307692308
6	We should adopt gender-neutral language	against	gender neutral language is just another way to try to please a group.  we have two sexes, men and women and they should be differentiate by the use of words.	0	0	1	0	0	0	0	0	1	0	3.068509615384616
449	We should oppose collectivism	in favor of	collectivism and the impingement of the the government results in people blaming others for their problems rather than looking for solutions themselves	1	1	1	0	1	0	1	0	0	0	3.0343750000000003
863	We should end the use of economic sanctions	against	we should not end the use of economic sanctions because in the long term they can achieve significant results such as the end of the apartheid regime in south africa	0	0	0	0	1	0	0	0	0	1	3.2658253205128203
2104	We should end the use of economic sanctions	against	Economic sanctions are the only way that a country can be warned that we mean business, by harming their economy we can influence those in power to stop their damaging ways.	0	0	1	0	1	1	0	0	0	1	3.0610977564102564
345	We should oppose collectivism	in favor of	people should be encouraged to individuals	0	0	1	0	0	0	0	0	0	0	3.855769230769232
2760	We do not need immigration from non-European or non-first-world countries. 	in favor of	There's nothing wrong with not wanting your continent to become chaos and putting your people first, every civilization in this world takes that idea as self-evident. We need to negotiate Remigration deals with the 3rd countries to send their nationals back and we need to use Frontex to push back any migrants coming to our borders.	0	0	0	0	1	1	0	0	0	0	3.3383413461538463
1006	We should oppose collectivism	in favor of	collectivism provides no incentive for people to work hard because they have no opportunity to become wealthy.	1	0	0	0	1	0	1	0	0	0	3.2223557692307696
3510	Blockade of the Gaza Strip should be ended	against	the blockade of the gaza strip is a reasonable response to the crimes committed by hamas members.	0	0	1	0	1	1	0	0	0	1	3.0610977564102564
489	We should subsidize journalism	against	journalists get paid enough, they don't need any more money.	1	0	0	0	1	0	0	0	0	1	3.1623931623931623
3617	We should subsidize vocational education	against	vocational education isnt always useful as most of the skills taught are learnt through life experiences and the money spent on it can be spent on more academic study	1	1	0	0	1	0	0	0	0	0	3.1414262820512824
2773	We need an inclusive and pluralistic European society	against	Europe is full and cannot accept more illegal migrants. Those persons must be sent back and have to ask for approval from their state of origin.	0	0	1	0	1	1	0	0	0	0	3.510817307692308
2480	India should have 'One Nation - One Election' policy 	in favor of	Less disruption to public life, less road traffic, and less loss to our economy. As all the government staff can be used at a single time, we can also increase vigilance, and factors like black money, booth capturing, etc. can be reduced.	1	0	1	0	1	1	1	0	0	0	3.075961538461539
184	We should ban algorithmic trading	in favor of	even if an algorithm can react quicker than a person, it can't predict markets accurately	1	0	0	0	1	0	0	0	0	1	3.1623931623931623
3274	Blockade of the Gaza Strip should be ended	against	The blockade of Gaza undermines the popularity and economic power of Hamas.	1	0	0	0	1	1	0	0	0	0	3.2107371794871793
973	We should introduce compulsory voting	in favor of	the more people participate in the voting process, the better it is for democracy and society as a whole.	0	0	1	0	1	1	0	0	0	1	3.0610977564102564
2828	The president of the European Commission should be elected by the people of the EU	against	In Germany, the President of the Executive is not elected by the people directly either. The reason for this is the horrible experience during the Third Reich. The Parliament - as the only constitutional institution being directly elected - has a stronger stand if the President is not elected directly. However I definitely support, that the Parliament becomes stronger and more influential. 	1	0	0	0	1	0	0	0	0	0	3.8876201923076925
1689	We should end the use of economic sanctions	against	economic sanctions have a measurable impact; if that impact is severe enough, otherwise reluctant parties may agree to negotiations in order to find relief.	0	1	1	0	1	0	0	0	0	1	3.0091145833333335
3401	We should subsidize vocational education	in favor of	vocational education should be subsidized because all students don't necessarily need a college education and rack up lots of debt in four year colleges.	0	0	0	0	1	1	0	0	0	0	3.3383413461538463
4181	We should restrict minors from playing online games.	in favor of	Many teenagers in China use electronic devices to play games as the only entertainment after study. At the same time, the same kind of people in Europe and the United States choose more diverse ways.	1	0	1	1	0	0	0	0	0	0	3.5328525641025643
1414	We should abolish capital punishment	against	the punishment should be equal to the crime. it also might deter others from murder if they know they will lose their own life.	0	0	1	0	1	1	0	0	0	1	3.0610977564102564
3140	The EU should decide its role in a multipolar world	in favor of	The European Union is doing amazingly well in relation to the enormous bad publicity it is receiving from all sides. And as if that were not enough in itself, very large countries from around the world are doing constantly dividing work between member states. As all successes start in your head, perhaps some attention should be allocated to the media. The EU has a clear chance to become one of the major poles of this multipolar world order.	0	0	0	0	1	0	0	0	0	0	4.819711538461538
4152	We should give up developing electric vehicles	in favor of	Market orientation is difficult. In the absence of subsidies, no license restrictions and other policies, whether the sales of pure electric vehicles can still grow steadily is questionable.	0	0	0	0	1	0	0	0	0	1	3.2658253205128203
3305	The use of public defenders should be mandatory	against	this would cause a decrease in pay for the public defender and lower the quality of representation as too many people will rush to the new employment opportunities regardless of their record..	1	0	0	0	1	1	0	0	0	0	3.2107371794871793
2498	Marital rape should be criminalized in India	in favor of	Sexual violence violates human rights, irrespective of the relationship between the criminal and the victim. IPC 375, which criminalizes rape, discriminates against married women for using the section on their husbands. Though one can file a case under the domestic violence act for marital rape, not terming marital rape as a crime will deter the victims from filing cases. Every law on the planet is prone to be misused. That doesn’t mean that we should not have laws in order to avoid false cases.	0	0	1	0	1	1	0	0	0	1	3.0610977564102564
